name,ClassType,physpropid,Sound
Backclouds1Shape,STATIC,0,
Backclouds2Shape,STATIC,0,
Backclouds3Shape,STATIC,0,
Backclouds4Shape,STATIC,0,
Backclouds5Shape,STATIC,0,
Backclouds6Shape,STATIC,0,
Backclouds7Shape,STATIC,0,
Backclouds8Shape,STATIC,0,
Backclouds9Shape,STATIC,0,
Barnfence10Shape,STATIC,0,
Barnfence10Shape_000,STATIC,0,
Barnfence13Shape,STATIC,0,
Barnfence13Shape_000,STATIC,0,
BillboardA1Shape_000,STATIC,0,
BillboardA2Shape_000,STATIC,0,
BillboardA2Shape_001,STATIC,0,
BillboardA3Shape_000,STATIC,0,
BillboardA3Shape_001,STATIC,0,
BillboardA4Shape_000,STATIC,0,
BillboardA4Shape_001,STATIC,0,
BoardsShape2,STATIC,0,
BoardsShape2_000,STATIC,0,
BoardsShape3_000,STATIC,0,
BushsHouse5Shape,STATIC,0,
BushsHouse5Shape_000,STATIC,0,
BushsHouse8Shape,STATIC,0,
BushsHouse8Shape_000,STATIC,0,
BushsHouse8Shape_001,STATIC,0,
ChrShape_000,STATIC,0,
DB_louie,STATIC,0,
DB_ralph,STATIC,0,
DishRotShape,STATIC,0,
DooDIntShape,STATIC,0,
FE_VCR,STATIC,0,
FE_coffetable10Shape,STATIC,0,
FE_coffetableShape11,STATIC,0,
FE_coffetableShape12,STATIC,0,
FE_lampShape,STATIC,0,
Flag,STATIC,0,
FlandStairsShape,STATIC,0,
FlandStairsShape_000,STATIC,0,
FlandStairsShape_001,STATIC,0,
FlandStairsShape_002,STATIC,0,
FlandersHouse13Shape,STATIC,0,
FlandersHouse13Shape_000,STATIC,0,
FlandersHouse13Shape_001,STATIC,0,
FlandersHouse13Shape_002,STATIC,0,
FlandersHouse13Shape_003,STATIC,0,
FlandersHouse13Shape_004,STATIC,0,
FlandersHouse13Shape_005,STATIC,0,
FlandersHouse13Shape_006,STATIC,0,
FlandersHouse13Shape_007,STATIC,0,
FlandersHouse16Shape_000,STATIC,0,
FlandersHouse16Shape_001,STATIC,0,
FlandersHouse26Shape,STATIC,0,
FlandersHouse26Shape_000,STATIC,0,
FlandersHouse26Shape_001,STATIC,0,
FlandersHouse40Shape,STATIC,0,
FlandersHouse40Shape_000,STATIC,0,
FlandersHouse40Shape_001,STATIC,0,
FlandersHouse40Shape_002,STATIC,0,
FlandersHouse44Shape_000,STATIC,0,
FlandersHouse44Shape_001,STATIC,0,
FlandersHouse44Shape_002,STATIC,0,
FlandersHouse44Shape_003,STATIC,0,
FlandersHouse44Shape_004,STATIC,0,
FlandersHouse44Shape_005,STATIC,0,
GagScene,STATIC,0,
Gens_level1,STATIC,0,
Genslevel01_TreeShadowsShape,STATIC,0,
HoodRotShape,STATIC,0,
IStruckShape,STATIC,0,
Krsty_signShape1,STATIC,0,
Krsty_signShape2,STATIC,0,
Krsty_signShape3,STATIC,0,
Krsty_signShape4,STATIC,0,
Krsty_signShape5,STATIC,0,
L01LardWindowGlass1Shape_000,STATIC,0,
L01LardWindowGlass2Shape_000,STATIC,0,
L01LardWindowGlass3Shape_000,STATIC,0,
L01LardWindowGlass4Shape_000,STATIC,0,
L01_GasShape,STATIC,0,
L01_GastationLightsShape,STATIC,0,
L01_flowersShape,STATIC,0,
L02only_extra10Shape,STATIC,0,
L02only_extra12Shape,STATIC,0,
L02only_extra14Shape,STATIC,0,
L02only_extra16Shape,STATIC,0,
L02only_extra22Shape,STATIC,0,
L04_SimpWindowsShape,STATIC,0,
L04_flowersShape,STATIC,0,
L07_gens108Shape,STATIC,0,
L07only_gens139Shape,STATIC,0,
L07only_gens140Shape,STATIC,0,
L1_4,STATIC,0,
L1windecalsShape_000,STATIC,0,
L4windecalsShape_000,STATIC,0,
L4windecalsShape_001,STATIC,0,
L7_gateOpenShape,STATIC,0,
Lemontree10Shape_000,STATIC,0,
Lemontree11Shape_000,STATIC,0,
Lemontree12Shape_000,STATIC,0,
Lemontree14Shape_000,STATIC,0,
Lemontree15Shape_000,STATIC,0,
Lemontree17Shape_000,STATIC,0,
Lemontree20Shape_000,STATIC,0,
Lemontree23Shape_000,STATIC,0,
Lemontree24Shape_000,STATIC,0,
Lemontree28Shape,STATIC,0,
Lemontree28Shape_000,STATIC,0,
Lemontree28Shape_001,STATIC,0,
Military_props1Shape,STATIC,0,
Military_props3Shape,STATIC,0,
Military_props5Shape,STATIC,0,
SUVA,STATIC,0,
SchoolconstShape_000,STATIC,0,
SchoolconstShape_001,STATIC,0,
SchoolconstShape_002,STATIC,0,
SpiderwebsShape1_000,STATIC,0,
SpiderwebsShape2_000,STATIC,0,
SpiderwebsShape3_000,STATIC,0,
SpiderwebsShape4_000,STATIC,0,
SpiderwebsShape5_000,STATIC,0,
SpiderwebsShape6_000,STATIC,0,
SpiderwebsShape7_000,STATIC,0,
SpiderwebsShape8_000,STATIC,0,
SpiderwebsShape9_000,STATIC,0,
StingerShape,STATIC,0,
TD01,STATIC,0,
TD02,STATIC,0,
TD03,STATIC,0,
TD04,STATIC,0,
TD05,STATIC,0,
TD06,STATIC,0,
TD07,STATIC,0,
TD08,STATIC,0,
TD09,STATIC,0,
TD10,STATIC,0,
TD11,STATIC,0,
TD12,STATIC,0,
\%5,STATIC,0,
^BCp,STATIC,0,
aircon1Shape,STATIC,0,
airconShape2,STATIC,0,
alrm_lever,STATIC,0,
antShape,STATIC,0,
b_lcalfShape,STATIC,0,
b_lfarmShape,STATIC,0,
b_lfootShape,STATIC,0,
b_lhandShape,STATIC,0,
b_lshoulderShape,STATIC,0,
b_luarmShape,STATIC,0,
b_rcalfShape,STATIC,0,
b_rfarmShape,STATIC,0,
b_rfootShape,STATIC,0,
b_rhandShape,STATIC,0,
b_rshoulderShape,STATIC,0,
b_ruarmShape,STATIC,0,
b_skullShape,STATIC,0,
b_spineShape,STATIC,0,
b_torsoShape,STATIC,0,
ball_drop,STATIC,0,
barrierShape,STATIC,0,
barrierShape_000,STATIC,0,
barrierShape_001,STATIC,0,
barrierShape_002,STATIC,0,
bart_vBV,PROP_MOVEABLE,0,
bbman_vShape,STATIC,0,
beefboardShape10,STATIC,0,
beefboardShape11,STATIC,0,
beefboardShape12,STATIC,0,
beefboardShape13,STATIC,0,
beefboardShape14,STATIC,0,
beefboardShape15,STATIC,0,
beefboardShape16,STATIC,0,
beefboardShape17,STATIC,0,
beefboardShape18,STATIC,0,
beefboardShape20,STATIC,0,
beefboardShape21,STATIC,0,
beefboardShape22,STATIC,0,
beefboardShape23,STATIC,0,
beefboardShape24,STATIC,0,
beefboardShape25,STATIC,0,
beefboardShape26,STATIC,0,
beefboardShape27,STATIC,0,
beefboardShape28,STATIC,0,
beefboardShape29,STATIC,0,
beefboardShape30,STATIC,0,
beefboardShape31,STATIC,0,
beefboardShape32,STATIC,0,
beefboardShape33,STATIC,0,
beefboardShape34,STATIC,0,
beefboardShape35,STATIC,0,
beefboardShape36,STATIC,0,
beefboardShape37,STATIC,0,
beefboardShape48,STATIC,0,
beefboardShape49,STATIC,0,
beefboardShape50,STATIC,0,
beefboardShape51,STATIC,0,
beefboardShape52,STATIC,0,
beefboardShape53,STATIC,0,
beefboardShape54,STATIC,0,
beefboardShape55,STATIC,0,
beefboardShape56,STATIC,0,
beefboardShape57,STATIC,0,
beefboardShape58,STATIC,0,
beefboardShape59,STATIC,0,
beefboardShape60,STATIC,0,
beefboardShape61,STATIC,0,
beefboardShape62,STATIC,0,
beefboardShape63,STATIC,0,
beefboardShape64,STATIC,0,
beefboardShape65,STATIC,0,
beefboardShape66,STATIC,0,
beefboardShape67,STATIC,0,
beefboardShape68,STATIC,0,
beefboardShape69,STATIC,0,
beefboardShape70,STATIC,0,
beefboardShape71,STATIC,0,
beefboardShape72,STATIC,0,
beefboardShape73,STATIC,0,
beefboardShape74,STATIC,0,
beefboardShape75,STATIC,0,
beefboardShape76,STATIC,0,
beefboardShape77,STATIC,0,
beefboardShape78,STATIC,0,
beefboardShape79,STATIC,0,
beefboardShape80,STATIC,0,
beefboardShape81,STATIC,0,
beefboardShape82,STATIC,0,
beefboardShape83,STATIC,0,
beefboardShape84,STATIC,0,
beefboardShape85,STATIC,0,
beefboardShape86,STATIC,0,
beefboardShape87,STATIC,0,
beefboardShape88,STATIC,0,
beefboardShape89,STATIC,0,
beefboardShape90,STATIC,0,
beefboardShape91,STATIC,0,
beefboardShape92,STATIC,0,
beefboardShape93,STATIC,0,
beefboardShape94,STATIC,0,
beefboardShape95,STATIC,0,
beefboardShape96,STATIC,0,
beefboardShape97,STATIC,0,
beefboardShape98,STATIC,0,
beefboardShape99,STATIC,0,
beemanBEER2Shape,STATIC,0,
biclopsShape,STATIC,0,
bigLeafs8Shape23_000,STATIC,0,
bigLeafs8Shape23_001,STATIC,0,
bigLeafs8Shape24_000,STATIC,0,
bigLeafs8Shape24_001,STATIC,0,
bigLeafs8Shape25_000,STATIC,0,
bigLeafs8Shape25_001,STATIC,0,
bigLeafs8Shape26_000,STATIC,0,
bigLeafs8Shape26_001,STATIC,0,
bigLeafs8Shape27_000,STATIC,0,
bigLeafs8Shape27_001,STATIC,0,
bigLeafs8Shape28_000,STATIC,0,
bigLeafs8Shape28_001,STATIC,0,
bigLeafs8Shape29_000,STATIC,0,
bigLeafs8Shape29_001,STATIC,0,
bigLeafs8Shape30_000,STATIC,0,
bigLeafs8Shape30_001,STATIC,0,
bigLeafs8Shape31_000,STATIC,0,
bigLeafs8Shape31_001,STATIC,0,
bigLeafs8Shape32_000,STATIC,0,
bigLeafs8Shape32_001,STATIC,0,
bigLeafs8Shape33_000,STATIC,0,
bigLeafs8Shape33_001,STATIC,0,
bigLeafs8Shape34_000,STATIC,0,
bigLeafs8Shape34_001,STATIC,0,
bigLeafs8Shape35_000,STATIC,0,
bigLeafs8Shape35_001,STATIC,0,
bigLeafs8Shape36_000,STATIC,0,
bigLeafs8Shape36_001,STATIC,0,
bigLeafs8Shape37_000,STATIC,0,
bigLeafs8Shape37_001,STATIC,0,
bigLeafs8Shape38_000,STATIC,0,
bigLeafs8Shape38_001,STATIC,0,
bigLeafs8Shape39_000,STATIC,0,
bigLeafs8Shape39_001,STATIC,0,
bigLeafs8Shape40_000,STATIC,0,
bigLeafs8Shape40_001,STATIC,0,
bigLeafs8Shape41_000,STATIC,0,
bigLeafs8Shape41_001,STATIC,0,
bigLeafs8Shape42_000,STATIC,0,
bigLeafs8Shape42_001,STATIC,0,
bigLeafs8Shape43_000,STATIC,0,
bigLeafs8Shape43_001,STATIC,0,
bigLeafs8Shape44_000,STATIC,0,
bigLeafs8Shape44_001,STATIC,0,
bigLeafs8Shape45_000,STATIC,0,
bigLeafs8Shape45_001,STATIC,0,
bigLeafs8Shape46_000,STATIC,0,
bigLeafs8Shape46_001,STATIC,0,
bigLeafs8Shape47_000,STATIC,0,
bigLeafs8Shape47_001,STATIC,0,
bigLeafs8Shape48_000,STATIC,0,
bigLeafs8Shape48_001,STATIC,0,
bigLeafs8Shape49_000,STATIC,0,
bigLeafs8Shape49_001,STATIC,0,
bigLeafs8Shape50_000,STATIC,0,
bigLeafs8Shape50_001,STATIC,0,
bigLeafs8Shape51_000,STATIC,0,
bigLeafs8Shape51_001,STATIC,0,
bigLeafs8Shape52_000,STATIC,0,
bigLeafs8Shape52_001,STATIC,0,
bigLeafs8Shape53_000,STATIC,0,
bigLeafs8Shape53_001,STATIC,0,
bigLeafs8Shape54_000,STATIC,0,
bigLeafs8Shape54_001,STATIC,0,
bigLeafs8Shape55_000,STATIC,0,
bigLeafs8Shape55_001,STATIC,0,
bigLeafs8Shape56_000,STATIC,0,
bigLeafs8Shape56_001,STATIC,0,
bigLeafs8Shape57_000,STATIC,0,
bigLeafs8Shape57_001,STATIC,0,
bigLeafs8Shape58_000,STATIC,0,
bigLeafs8Shape58_001,STATIC,0,
bigLeafs8Shape59_000,STATIC,0,
bigLeafs8Shape59_001,STATIC,0,
bigLeafs8Shape60_000,STATIC,0,
bigLeafs8Shape60_001,STATIC,0,
bigLeafs8Shape61_000,STATIC,0,
bigLeafs8Shape61_001,STATIC,0,
bigLeafs8Shape62_000,STATIC,0,
bigLeafs8Shape62_001,STATIC,0,
bigLeafs8Shape63_000,STATIC,0,
bigLeafs8Shape63_001,STATIC,0,
bigLeafs8Shape64_000,STATIC,0,
bigLeafs8Shape64_001,STATIC,0,
bigLeafs8Shape65_000,STATIC,0,
bigLeafs8Shape65_001,STATIC,0,
bigLeafs8Shape66_000,STATIC,0,
bigLeafs8Shape66_001,STATIC,0,
bigLeafs8Shape67_000,STATIC,0,
bigLeafs8Shape67_001,STATIC,0,
bigLeafs8Shape69_000,STATIC,0,
bigLeafs8Shape69_001,STATIC,0,
bigLeafs8Shape70_000,STATIC,0,
bigLeafs8Shape70_001,STATIC,0,
bigLeafs8Shape71_000,STATIC,0,
bigLeafs8Shape71_001,STATIC,0,
bigLeafs8Shape72_000,STATIC,0,
bigLeafs8Shape72_001,STATIC,0,
bigboatShape,STATIC,0,
bigboatShape_000,STATIC,0,
blackpanel1Shape,STATIC,0,
blackpanel2Shape,STATIC,0,
blackpanel3Shape,STATIC,0,
blackpanel4Shape,STATIC,0,
blackpanel5Shape,STATIC,0,
blender_cupShape,STATIC,0,
blinkeeShape,STATIC,0,
blinkeeShape1035,STATIC,0,
blinkeeShape1135,STATIC,0,
blinkeeShape1235,STATIC,0,
blinkeeShape1335,STATIC,0,
blinkeeShape1435,STATIC,0,
blowupdoll1Shape,STATIC,0,
blue_house1Shape,STATIC,0,
bombbarrel2Shape,STATIC,0,
bombbarrel4Shape,STATIC,0,
bombbarrel6Shape,STATIC,0,
bombbarrel9Shape,STATIC,0,
bombbarrelShape7,STATIC,0,
bookb_vShape,STATIC,0,
bottom_halfShape,STATIC,0,
bowShape,STATIC,0,
boxShape,STATIC,0,
boxShape_000,STATIC,0,
brakeLightsShape,STATIC,0,
branchShape1,STATIC,0,
buoys01Shape,STATIC,0,
buoys02Shape,STATIC,0,
burns01Shape,STATIC,0,
burns_vShape,STATIC,0,
burnsarm,PROP_MOVEABLE,0,
bushesShape1,STATIC,0,
bushesShape1_000,STATIC,0,
buttonShape1,STATIC,0,
buttonShape2,STATIC,0,
buttonShape3,STATIC,0,
cArmorBV,PROP_MOVEABLE,0,
cBlbartShape,STATIC,0,
cCurator,PROP_MOVEABLE,0,
cDonutBV,PROP_MOVEABLE,0,
cFire_vShape,STATIC,0,
cHearsBV,PROP_MOVEABLE,0,
cKlimoBV,PROP_MOVEABLE,0,
cPoliceShape,STATIC,0,
cSedanBV,PROP_MOVEABLE,0,
cVan,PROP_MOVEABLE,0,
cVancamShape,STATIC,0,
c_spanker,STATIC,0,
cafeteria10Shape,STATIC,0,
cafeteria10Shape_000,STATIC,0,
cafeteria10Shape_001,STATIC,0,
cafeteria10Shape_002,STATIC,0,
cafeteria10Shape_003,STATIC,0,
cafeteria14Shape,STATIC,0,
cafeteria14Shape_000,STATIC,0,
cafeteria18Shape,STATIC,0,
cafeteria18Shape_000,STATIC,0,
cafeteria19Shape_000,STATIC,0,
cafeteria19Shape_001,STATIC,0,
cafeteria20Shape_000,STATIC,0,
cafeteria20Shape_001,STATIC,0,
cafeteria21Shape_000,STATIC,0,
cafeteria21Shape_001,STATIC,0,
cafeteria23Shape,STATIC,0,
cafeteria23Shape_000,STATIC,0,
cafeteria23Shape_001,STATIC,0,
cafeteria23Shape_002,STATIC,0,
cafeteria23Shape_003,STATIC,0,
cafeteria25Shape_000,STATIC,0,
cafeteria25Shape_001,STATIC,0,
cafeteria25Shape_002,STATIC,0,
cafeteria25Shape_003,STATIC,0,
cafeteria29Shape,STATIC,0,
cafeteria29Shape_000,STATIC,0,
cafeteria29Shape_001,STATIC,0,
cafeteria41Shape_000,STATIC,0,
cafeteria42Shape_000,STATIC,0,
cafeteria43Shape_000,STATIC,0,
cafeteria44Shape_000,STATIC,0,
cafeteria45Shape_000,STATIC,0,
cafeteria46Shape_000,STATIC,0,
cages_1Shape,STATIC,0,
cages_2Shape,STATIC,0,
cages_3Shape,STATIC,0,
cages_4Shape,STATIC,0,
cages_5Shape,STATIC,0,
cages_6Shape,STATIC,0,
cages_7Shape,STATIC,0,
cages_8Shape,STATIC,0,
capShape,STATIC,0,
card11_geoShapeh,STATIC,0,
carhom_v,PROP_MOVEABLE,0,hardmetal   
catShape,STATIC,0,
cat_eyelidsShape,STATIC,0,
chains1Shape_000,STATIC,0,
chains2Shape_000,STATIC,0,
chains3Shape_000,STATIC,0,
chains4Shape_000,STATIC,0,
chains5Shape_000,STATIC,0,
chains6Shape_000,STATIC,0,
chains7Shape_000,STATIC,0,
chains8Shape_000,STATIC,0,
chains9Shape_000,STATIC,0,
chalk_boardShape,STATIC,0,
chevronShape_000,STATIC,0,
chevron_bb1Shape,STATIC,1,
churchWindows1Shape6_000,STATIC,0,
churchWindows1Shape6_001,STATIC,0,
churchWindows2Shape7_000,STATIC,0,
churchWindows2Shape7_001,STATIC,0,
churchWindows3Shape8_000,STATIC,0,
churchWindows3Shape8_001,STATIC,0,
churchWindows4Shape9_000,STATIC,0,
churchWindows4Shape9_001,STATIC,0,
cletu_vShape,STATIC,0,
cletus_switch10Shape,STATIC,0,
cloudShape05,STATIC,0,
cloudShape07,STATIC,0,
cloudsShape1,STATIC,0,
cloudsShape2,STATIC,0,
cloudsShape3,STATIC,0,
cloudsShape4,STATIC,0,
cloudsShape5,STATIC,0,
cloudsShape6,STATIC,0,
cloudsShape7,STATIC,0,
cloudsShape8,STATIC,0,
cloudsShape9,STATIC,0,
colabitShape,STATIC,0,
comic_vShape,STATIC,0,
comic_vpipeShape,STATIC,0,
common1Shape_000,STATIC,0,
common1Shape_001,STATIC,0,
common1Shape_002,STATIC,0,
common1Shape_003,STATIC,0,
common2Shape_000,STATIC,0,
common2Shape_001,STATIC,0,
common2Shape_002,STATIC,0,
common35,STATIC,0,
common3Shape_000,STATIC,0,
common3Shape_001,STATIC,0,
common3Shape_002,STATIC,0,
common3Shape_003,STATIC,0,
common4Shape,STATIC,0,
common4Shape_000,STATIC,0,
common4Shape_001,STATIC,0,
common4Shape_002,STATIC,0,
common4Shape_003,STATIC,0,
common5Shape,STATIC,0,
common5Shape_000,STATIC,0,
common5Shape_001,STATIC,0,
common5Shape_002,STATIC,0,
common5Shape_003,STATIC,0,
common6Shape_000,STATIC,0,
common6Shape_001,STATIC,0,
common7Shape,STATIC,0,
common7Shape_000,STATIC,0,
common7Shape_001,STATIC,0,
common7Shape_002,STATIC,0,
common7Shape_003,STATIC,0,
common8Shape_000,STATIC,0,
common8Shape_001,STATIC,0,
common9Shape_000,STATIC,0,
common9Shape_001,STATIC,0,
commonShape2_000,STATIC,0,
commonShape2_001,STATIC,0,
commonShape2_002,STATIC,0,
commonShape3,STATIC,0,
commonShape3_000,STATIC,0,
commonShape3_001,STATIC,0,
commonShape4,STATIC,0,
commonShape4_000,STATIC,0,
commonShape4_001,STATIC,0,
commonShape5_000,STATIC,0,
commonShape5_001,STATIC,0,
commonShape8,STATIC,0,
commonShape8_000,STATIC,0,
commonShape8_001,STATIC,0,
commonShape8_002,STATIC,0,
commonShape9_000,STATIC,0,
commonShape9_001,STATIC,0,
commonShape9_002,STATIC,0,
compactA,PROP_MOVEABLE,0,
cranes2Shape,STATIC,0,
cranes3Shape,STATIC,0,
cranes4Shape,STATIC,0,
cranes6Shape,STATIC,0,
cranes7Shape,STATIC,0,
cranes8Shape,STATIC,0,
cranes9Shape,STATIC,0,
crate_Shape8,STATIC,1,
crow_instance,STATIC,0,
deadtree_shadowShape,STATIC,0,
diffuseShape,STATIC,0,
dontlight_BuildShape,STATIC,0,
dontlight_L04,STATIC,0,
dontlight_L04only,STATIC,0,
dontlight_L07only,STATIC,0,
dontlight_bilboard1Shape,STATIC,0,
dontlight_bilboard2Shape,STATIC,0,
dontlight_bilboard3Shape,STATIC,0,
dontlight_bilboard4Shape,STATIC,0,
dontlight_bilboard5Shape,STATIC,0,
dontlight_billboardShape,STATIC,0,
dontlight_inttrack1Shape,STATIC,0,
dontlight_inttrack4Shape,STATIC,0,
dontlight_inttrack5Shape,STATIC,0,
dontlight_inttrack6Shape,STATIC,0,
dontlight_inttrack7Shape,STATIC,0,
dontlight_inttrack8Shape,STATIC,0,
dontlight_l7,STATIC,0,
dontlight_landmShape,STATIC,0,
dontlight_landmarktrackShape,STATIC,0,
dontlight_polySurfaceShape20,STATIC,0,
dontlight_trackShape,STATIC,0,
dontlight_z2,STATIC,0,
dontlightl7_z3,STATIC,0,
duff_posterShape,STATIC,0,
duffblimp0Shape1,STATIC,0,
duffsShape10,STATIC,0,
duffsShape11,STATIC,0,
duffsShape12,STATIC,0,
duffsShape13,STATIC,0,
duffsShape14,STATIC,0,
duffsShape15,STATIC,0,
duffsShape16,STATIC,0,
duffsShape17,STATIC,0,
duffsShape18,STATIC,0,
duffsShape19,STATIC,0,
duffsShape20,STATIC,0,
duffsShape21,STATIC,0,
duffsShape22,STATIC,0,
duffsShape23,STATIC,0,
duffsShape24,STATIC,0,
e_shaftShape,STATIC,0,
earShape,STATIC,1,
earl_monitor,STATIC,1,
egg_geoShape,STATIC,0,
elect_vShape,STATIC,0,
elevator,STATIC,0,
enddoorShape_000,STATIC,0,
engineBlockShape,STATIC,0,
enginecrankShape,STATIC,0,
erjShape,STATIC,1,
extinguisher_handleShape,STATIC,0,
f1_polySurfaceShape1,STATIC,0,
facadesShape_000,STATIC,0,
facadesShape_001,STATIC,0,
facadesShape_002,STATIC,0,
famil_vShape,STATIC,0,
fans,PROP_MOVEABLE,0,
fencelinesShape1,STATIC,0,
fencelinesShape1_000,STATIC,0,
fencelinesShape2_000,STATIC,0,
fencelinesShape2_001,STATIC,0,
fencelinesShape3_000,STATIC,0,
fencelinesShape3_001,STATIC,0,
fencelinesShape4_000,STATIC,0,
fencelinesShape4_001,STATIC,0,
fencelinesShape5_000,STATIC,0,
fencelinesShape5_001,STATIC,0,
fencelinesShape6_000,STATIC,0,
fencelinesShape9,STATIC,0,
fencelinesShape9_000,STATIC,0,
fencesShape2,STATIC,1,
finalvent11Shape,STATIC,0,
firetrack10Shape_000,STATIC,0,
firetrack11Shape_000,STATIC,0,
firetrack11Shape_001,STATIC,0,
firetrack12Shape_000,STATIC,0,
firetrack12Shape_001,STATIC,0,
firetrack13Shape_000,STATIC,0,
firetrack13Shape_001,STATIC,0,
firetrack14Shape_000,STATIC,0,
firetrack16Shape_000,STATIC,0,
firetrack20Shape_000,STATIC,0,
fish135Shape,STATIC,0,
fishtruc,STATIC,0,
flag_krusty,STATIC,0,
flanpic_geoShape,STATIC,0,
flashSpriteShape,STATIC,1,
floats1Shape,STATIC,0,
fone_vBV,PROP_MOVEABLE,0,
frink_vShape,STATIC,0,
gag_jasper1Shape,STATIC,0,
gag_jasper2Shape,STATIC,0,
gag_jasper3Shape,STATIC,0,
garbageShape,STATIC,0,
gas_stat,STATIC,0,
genShape,STATIC,0,
genShape_000,STATIC,0,
genShape_001,STATIC,0,
genShape_002,STATIC,0,
genShape_003,STATIC,0,
genShape_004,STATIC,0,
genShape_005,STATIC,0,
genShape_006,STATIC,0,
genShape_007,STATIC,0,
genShape_008,STATIC,0,
genShape_009,STATIC,0,
genShape_010,STATIC,0,
genShape_011,STATIC,0,
genShape_012,STATIC,0,
genShape_013,STATIC,0,
genShape_014,STATIC,0,
genShape_015,STATIC,0,
genShape_016,STATIC,0,
genShape_017,STATIC,0,
genShape_018,STATIC,0,
genShape_019,STATIC,0,
genShape_020,STATIC,0,
genShape_021,STATIC,0,
genShape_022,STATIC,0,
genShape_023,STATIC,0,
genShape_024,STATIC,0,
genShape_025,STATIC,0,
genShape_026,STATIC,0,
genShape_027,STATIC,0,
genShape_028,STATIC,0,
genShape_029,STATIC,0,
genShape_030,STATIC,0,
genShape_031,STATIC,0,
genShape_032,STATIC,0,
genShape_033,STATIC,0,
genShape_034,STATIC,0,
genShape_035,STATIC,0,
genShape_036,STATIC,0,
genShape_037,STATIC,0,
genShape_038,STATIC,0,
genShape_039,STATIC,0,
genShape_040,STATIC,0,
genShape_041,STATIC,0,
gens_level1,STATIC,0,
geohhykShape,STATIC,1,
geoptptShape,STATIC,0,
gfdfgfdShape,STATIC,0,
girlesque_sign2Shape,STATIC,0,
girlesque_sign3Shape,STATIC,0,
girlesque_sign4Shape,STATIC,0,
girlesque_sign5Shape,STATIC,0,
girlesque_sign6Shape,STATIC,0,
girlesque_sign7Shape,STATIC,0,
glare_flashShape,STATIC,1,
glasssShape1,STATIC,0,
glasssShape2,STATIC,0,
glasssShape3,STATIC,0,
glasssShape4,STATIC,0,
glasssShape5,STATIC,0,
glasssShape6,STATIC,0,
glasssShape7,STATIC,0,
glasssShape8,STATIC,0,
glasssShape9,STATIC,0,
glastruc,PROP_MOVEABLE,0,
glowwindowsShape_000,STATIC,0,
gramR_vShape,STATIC,0,
gramp_vShape,STATIC,0,
groupShape52,STATIC,0,
groupShape52_000,STATIC,0,
groupShape58_000,STATIC,0,
groupShape60_000,STATIC,0,
groupShape60_001,STATIC,0,
groupShape60_002,STATIC,0,
groupShape60_003,STATIC,0,
groupShape60_004,STATIC,0,
groupShape60_005,STATIC,0,
groupShape60_006,STATIC,0,
groupShape60_007,STATIC,0,
groupShape60_008,STATIC,0,
groupShape60_009,STATIC,0,
groupShape60_010,STATIC,0,
groupShape60_011,STATIC,0,
groupShape60_012,STATIC,0,
groupShape60_013,STATIC,0,
groupShape60_014,STATIC,0,
groupShape60_015,STATIC,0,
groupShape60_016,STATIC,0,
groupShape60_017,STATIC,0,
groupShape60_018,STATIC,0,
groupShape60_019,STATIC,0,
groupShape60_020,STATIC,0,
groupShape60_021,STATIC,0,
groupShape60_022,STATIC,0,
groupShape60_023,STATIC,0,
groupShape60_024,STATIC,0,
groupShape60_025,STATIC,0,
groupShape60_026,STATIC,0,
groupShape60_027,STATIC,0,
groupShape60_028,STATIC,0,
groupShape60_029,STATIC,0,
gunShape,STATIC,0,
handleShape2,STATIC,0,
hatShape,STATIC,0,
hayShape,STATIC,1,
hbike_vShape,STATIC,0,
hdoorTransShape1,STATIC,0,
head_explosionShape1,STATIC,1,
hitShape,STATIC,1,
holderShape1,STATIC,0,
holderShape2,STATIC,0,
holderShape3,STATIC,0,
homer_vShape,STATIC,0,
honor_vShape,STATIC,0,
hudholeShape,STATIC,0,
hype_vBV,PROP_MOVEABLE,0,
i[?s,STATIC,0,
i_cpill,STATIC,0,
icecream,STATIC,0,
inhaler_geoShape,STATIC,0,
int_and,STATIC,0,
int_andun,STATIC,0,
int_bh,STATIC,0,
int_br,STATIC,0,
int_dmv,STATIC,0,
int_ele,STATIC,0,
int_kwik,STATIC,0,
int_moe,STATIC,0,
int_obv,STATIC,0,
int_sh,STATIC,0,
itchynscratchy1Shape,STATIC,0,
itchynscratchy2Shape,STATIC,0,
itchynscratchy3Shape,STATIC,0,
itchynscratchy4Shape,STATIC,0,
itchynscratchy5Shape,STATIC,0,
jawShape,STATIC,0,
jawShape_000,STATIC,0,
jawShape_001,STATIC,0,
jimbopCubeShape1,STATIC,0,
jimbopCubeShape2,STATIC,0,
jimbopCubeShape3,STATIC,0,
jimbopCubeShape4,STATIC,0,
jimbopCubeShape5,STATIC,0,
jimbopCubeShape6,STATIC,0,
jimbopCubeShape7,STATIC,0,
ketchup_geoShape,STATIC,0,
key_geoShape,STATIC,0,
kickbird_effect,STATIC,1,
kickbird_psShape,STATIC,1,
kljShape,STATIC,0,
knigh_vShape,STATIC,0,
krust_vShape,STATIC,0,
krustywall3Shape_000,STATIC,0,
krustywall6Shape_000,STATIC,0,
krustywall9Shape_000,STATIC,0,
kw1Shape_000,STATIC,0,
kwikemartShape75,STATIC,0,
kwikemartShape75_000,STATIC,0,
kwikemartShape75_001,STATIC,0,
kwikemartShape75_002,STATIC,0,
kwikemartShape76,STATIC,0,
kwikemartShape76_000,STATIC,0,
kwikemartShape76_001,STATIC,0,
kwikemartShape76_002,STATIC,0,
l01_fencelinesShape1,STATIC,0,
l01_fencelinesShape2,STATIC,0,
l01_fencelinesShape3,STATIC,0,
l04_fencelinesShape1,STATIC,0,
l04_fencelinesShape2,STATIC,0,
l04_fencelinesShape3,STATIC,0,
l07_fencelinesShape1,STATIC,0,
l07_fencelinesShape2,STATIC,0,
l07_fencelinesShape3,STATIC,0,
l1_baskethoops,STATIC,0,
l1_bbq,STATIC,0,
l1_crate,PROP_MOVEABLE,0,
l1_fence,PROP_MOVEABLE,0,
l1_firehydrant,STATIC,0,
l1_krustyglass,STATIC,0,
l1_lemonadeShape,STATIC,0,
l1_mailboxflanders,STATIC,0,
l1_oldstreetlampsingle,STATIC,0,
l1_phonestop,PROP_MOVEABLE,0,
l1_picnictable,STATIC,0,
l1_stonechandelier,STATIC,0,
l1_stonecolumn,STATIC,0,
l1_stop,STATIC,0,
l1_treebig,STATIC,0,
l1_treecypress,STATIC,0,
l1_treeeverShape,STATIC,0,
l1_treeevermed,STATIC,0,
l1_vendingShape2,STATIC,1,
l1_vendingShape3,STATIC,0,
l1_vendingShape4,STATIC,0,
l1r1butterShape1,STATIC,0,
l1r1butterShape2,STATIC,0,
l1r1butterShape5,STATIC,0,
l1r1butterShape6,STATIC,0,
l1r1butterShape9,STATIC,0,
l1r6_beefboardShape2,STATIC,0,
l1r6_landmarksShape3,STATIC,0,
l1r6_scarecrow,STATIC,0,
l1r6_tomaccodr,STATIC,0,
l1r6_tomaccostand,STATIC,1,
l1r7_cemgravec,STATIC,0,
l1r7_cemgraved,STATIC,0,
l1r7_cemgravei,STATIC,0,
l1z3_river4Shape,STATIC,0,
l1z5_table,STATIC,0,
l1z5_wall,STATIC,0,
l2_carwashShape8,STATIC,0,
l2_carwashShape9,STATIC,0,
l2_crate,PROP_MOVEABLE,0,
l2_donotenter,STATIC,1,
l2_firehydrant,STATIC,0,
l2_garbageiron,STATIC,0,
l2_jebediahead,STATIC,0,
l2_krustyglass,STATIC,0,
l2_newsstand,PROP_MOVEABLE,0,
l2_oldstreeShape,STATIC,0,
l2_parkedA,STATIC,0,
l2_parkedB,STATIC,0,
l2_parkedC,STATIC,0,
l2_parkedD,STATIC,0,
l2_phonestop,PROP_MOVEABLE,0,
l2_rac1Shape,STATIC,0,
l2_rac2Shape,STATIC,0,
l2_rac3Shape,STATIC,0,
l2_rac4Shape,STATIC,0,
l2_rac5Shape,STATIC,0,
l2_rac6Shape,STATIC,0,
l2_racebar,STATIC,0,
l2_treebiggShape,STATIC,0,
l2_vending2Shape,STATIC,1,
l2_vending3Shape,STATIC,0,
l2_vending4Shape,STATIC,0,
l2r2_bilboards1Shape,STATIC,0,
l2r2_bilboards4Shape,STATIC,0,
l2r2_bilboards5Shape,STATIC,0,
l2r2_bilboards6Shape,STATIC,0,
l2r2_bilboards7Shape,STATIC,0,
l2r2_bilboards8Shape,STATIC,0,
l2z3_bilboards1Shape,STATIC,0,
l2z3_bilboards2Shape,STATIC,0,
l2z3_bilboards3Shape,STATIC,0,
l2z3_bilboards4Shape,STATIC,0,
l2z3_bilboards9Shape,STATIC,0,
l3_androidsign,STATIC,0,
l3_antenna,STATIC,0,
l3_bollard,STATIC,0,
l3_bushbigLeaf,STATIC,0,
l3_crate,PROP_MOVEABLE,0,
l3_garbageiron,STATIC,0,
l3_krustyglass,STATIC,0,
l3_krustyglasspost,STATIC,0,
l3_pelican,STATIC,0,
l3_phonestop,PROP_MOVEABLE,0,
l3_racebar,STATIC,0,
l3_treeeverlrg,STATIC,0,
l3_treepalmShape,STATIC,0,
l3_vending2Shape,STATIC,0,
l3_vending3Shape,STATIC,0,
l3_vending4Shape,STATIC,0,
l4_baskethoops,STATIC,0,
l4_cabinet,STATIC,0,
l4_crate,PROP_MOVEABLE,0,
l4_fence,PROP_MOVEABLE,0,
l4_firehydrant,STATIC,0,
l4_krustyglass,STATIC,0,
l4_mailboxflanders,STATIC,0,
l4_oldstreetlampsingle,STATIC,0,
l4_parkinglightShape,STATIC,1,
l4_phonestop,PROP_MOVEABLE,0,
l4_picnictable,STATIC,0,
l4_r6,STATIC,0,
l4_stonechandelier,STATIC,0,
l4_stonecolumn,STATIC,0,
l4_streetlamp,STATIC,0,
l4_treebig,STATIC,0,
l4_treecypress,STATIC,0,
l4_treeevermed,STATIC,0,
l4_vending2Shape,STATIC,0,
l4_vending3Shape,STATIC,0,
l4_vending4Shape,STATIC,0,
l4r6_beefboardShape2,STATIC,0,
l4r6_scarecrow,STATIC,0,
l4r6_tomaccodr,STATIC,0,
l4r6_tomaccostand10Shape,STATIC,0,
l4r7_cemgravec,STATIC,0,
l4r7_cemgraved,STATIC,0,
l4r7_cemgravei,STATIC,0,
l4z3_river4Shape,STATIC,0,
l4z6_track2Shape,STATIC,0,
l4z6_track3Shape,STATIC,0,
l5_blbd,STATIC,0,
l5_crate,PROP_MOVEABLE,0,
l5_firehydrant,STATIC,0,
l5_garbageiron,STATIC,0,
l5_jebediahead,STATIC,0,
l5_krustyglass,STATIC,0,
l5_newsstand,PROP_MOVEABLE,0,
l5_parkeda,STATIC,0,
l5_parkedb,STATIC,0,
l5_parkedc,STATIC,0,
l5_parkedd,STATIC,0,
l5_parkinglightShape,STATIC,1,
l5_phonestop,PROP_MOVEABLE,0,
l5_racebar,STATIC,0,
l5_streetlamp,STATIC,0,
l5_streetlampbannerShape,STATIC,1,
l5_streetlampsquareShape,STATIC,1,
l5_vending2Shape,STATIC,0,
l5_vending3Shape,STATIC,0,
l5_vending4Shape,STATIC,0,
l5r1_bilboards3Shape,STATIC,0,
l5r1_bilboards5Shape,STATIC,0,
l5z1_windowglowShape,STATIC,0,
l6_androidsign,STATIC,0,
l6_antenna,STATIC,0,
l6_bollard,STATIC,0,
l6_bushbigLeaf,STATIC,0,
l6_crate,PROP_MOVEABLE,0,
l6_docklampShape,STATIC,1,
l6_garbageiron,STATIC,0,
l6_phonestop,PROP_MOVEABLE,0,
l6_racebar,STATIC,0,
l6_rings,PROP_MOVEABLE,0,
l6_treeeverlrg,STATIC,0,
l6_vending2Shape,STATIC,0,
l6_vending3Shape,STATIC,0,
l6_vending4Shape,STATIC,0,
l6r5_beefboard1Shape,STATIC,0,
l6r5_beefboard2Shape,STATIC,0,
l6r5_beefboard3Shape,STATIC,0,
l6r5_beefboard4Shape,STATIC,0,
l6r5_beefboard5Shape,STATIC,0,
l6r5_beefboard6Shape,STATIC,0,
l6r5_beefboard7Shape,STATIC,0,
l6r5_beefboard8Shape,STATIC,0,
l6r5_beefboard9Shape,STATIC,0,
l7_Burnschair,STATIC,0,
l7_archShape,STATIC,0,
l7_baskethoops,STATIC,0,
l7_crate,PROP_MOVEABLE,0,
l7_fence,PROP_MOVEABLE,0,
l7_firehydrant,STATIC,0,
l7_ghost,PROP_MOVEABLE,0,
l7_krustyglass,STATIC,0,
l7_pampkin,STATIC,0,
l7_parkinglightShape,STATIC,1,
l7_phonestop,PROP_MOVEABLE,0,
l7_picnictable,STATIC,0,
l7_pumpkin,STATIC,0,
l7_r6,STATIC,0,
l7_streetlamp,STATIC,0,
l7_treebig,STATIC,0,
l7_treecypress,STATIC,0,
l7_treeevermed,STATIC,0,
l7_vending2Shape,STATIC,1,
l7_vending3Shape,STATIC,0,
l7_vending4Shape,STATIC,0,
l7_z3,STATIC,0,
l7r1_bats11Shape,STATIC,0,
l7r1_bats12Shape,STATIC,0,
l7r1_bats13Shape,STATIC,0,
l7r1_bats16Shape,STATIC,0,
l7r1_bats17Shape,STATIC,0,
l7r1_bats18Shape,STATIC,0,
l7r1_bats21Shape,STATIC,0,
l7r1_bats22Shape,STATIC,0,
l7r1_bats23Shape,STATIC,0,
l7r6_beefboardShape2,STATIC,0,
l7r6_scarecrow,STATIC,0,
l7r6_tomaccostand10Shape,STATIC,0,
l7r6_tomaccostand11Shape,STATIC,0,
l7r6_tomaccostand12Shape,STATIC,0,
l7r6_tomaccostand13Shape,STATIC,0,
l7r6_tomaccostand14Shape,STATIC,0,
l7r6_tomaccostand15Shape,STATIC,0,
l7r6_tomaccostand16Shape,STATIC,0,
l7r6_tomaccostand17Shape,STATIC,0,
l7r6_tomaccostand18Shape,STATIC,0,
l7r6_tomaccostand19Shape,STATIC,0,
l7r6_tomaccostand20Shape,STATIC,0,
l7r7_cemgravec,STATIC,0,
l7r7_cemgraved,STATIC,0,
l7r7_cemgravei,STATIC,0,
l7z3_river4Shape,STATIC,0,
la1Shape,STATIC,0,
lamp_shadeShape1,STATIC,0,
lamp_shadeShape2,STATIC,0,
lamp_shadeShape3,STATIC,0,
lamp_shadeShape4,STATIC,0,
lamp_shadeShape5,STATIC,0,
lardLadShape,STATIC,0,
lardLadShape_000,STATIC,0,
lardLadShape_001,STATIC,0,
lardLadShape_002,STATIC,0,
lardLadShape_003,STATIC,0,
lardLadShape_004,STATIC,0,
lardLadShape_005,STATIC,0,
lardlad_donughtShape,STATIC,0,
laundry_geoShape,STATIC,0,
le1Shape,STATIC,0,
legit_bus,STATIC,0,
lemonade_psShape,STATIC,1,
letterAShape,STATIC,0,
letterAToonShape,STATIC,0,
letterXShape,STATIC,0,
letterXToonShape,STATIC,0,
lidShape,STATIC,0,
lightning_bug10Shape,STATIC,0,
lightning_bug13Shape,STATIC,0,
lightning_bug14Shape,STATIC,0,
lisa_vBV,PROP_MOVEABLE,0,
lit_windowsShape,STATIC,0,
ljhShape,STATIC,0,
lthighShape1_000,STATIC,0,
lu1Shape,STATIC,0,
lumberShape1,STATIC,0,
maggieShape1,STATIC,0,
maggieShape2,STATIC,0,
maggieShape3,STATIC,0,
map_geoShape,STATIC,0,
marge_vShape,STATIC,0,
marygoroundShape,STATIC,0,
medkit_geo1Shape,STATIC,0,
medkit_geo2Shape,STATIC,0,
medkit_geo5Shape,STATIC,0,
medkit_geo6Shape,STATIC,0,
micShape,STATIC,0,
minivanA,PROP_MOVEABLE,0,
mlh_glassesShape,STATIC,0,
moe_switch3Shape,STATIC,0,
mono_vBV,STATIC,0,
mrghostShape,STATIC,0,
mrplo_vShape,STATIC,0,
museum1Shape_000,STATIC,0,
ned_switch1Shape,STATIC,0,
new_windowShape4,STATIC,0,
new_windowShape5,STATIC,0,
new_windowShape6,STATIC,0,
newstand_psShape,STATIC,1,
nriviera_DBShape,STATIC,0,
nriviera_switch8,STATIC,0,
nuctruck,STATIC,0,
oblit_vShape,STATIC,0,
oceanShape99,STATIC,0,
ocean_planeShape,STATIC,0,
otto_vBV,PROP_MOVEABLE,0,
overpass_pillarShape,STATIC,0,
pCubeShape10,STATIC,0,
pCubeShape10_000,STATIC,0,
pCubeShape10_001,STATIC,0,
pCubeShape11,STATIC,0,
pCubeShape11_000,STATIC,0,
pCubeShape11_001,STATIC,0,
pCubeShape12,STATIC,0,
pCubeShape12_000,STATIC,0,
pCubeShape12_001,STATIC,0,
pCubeShape12_002,STATIC,0,
pCubeShape12_003,STATIC,0,
pCubeShape12_004,STATIC,0,
pCubeShape13,STATIC,0,
pCubeShape13_000,STATIC,0,
pCubeShape13_001,STATIC,0,
pCubeShape14,STATIC,0,
pCubeShape14_000,STATIC,0,
pCubeShape14_001,STATIC,0,
pCubeShape15,STATIC,0,
pCubeShape15_000,STATIC,0,
pCubeShape15_001,STATIC,0,
pCubeShape16,STATIC,0,
pCubeShape16_000,STATIC,0,
pCubeShape16_001,STATIC,0,
pCubeShape17,STATIC,0,
pCubeShape17_000,STATIC,0,
pCubeShape17_001,STATIC,0,
pCubeShape18_000,STATIC,0,
pCubeShape18_001,STATIC,0,
pCubeShape20_000,STATIC,0,
pCubeShape20_001,STATIC,0,
pCubeShape20_002,STATIC,0,
pCylinder2fShape,STATIC,0,
pCylinderShape10_000,STATIC,0,
pCylinderShape16_000,STATIC,0,
pCylinderShape17,STATIC,0,
pCylinderShape17_000,STATIC,0,
pCylinderShape23_000,STATIC,0,
pCylinderShape24_000,STATIC,0,
pPlaneShape1,STATIC,0,
pPlaneShape1_000,STATIC,0,
pPlaneShape2,STATIC,0,
pPlaneShape2_000,STATIC,0,
pPlaneShape3,STATIC,0,
pPlaneShape3_000,STATIC,0,
pPlaneShape4,STATIC,0,
pPlaneShape4_000,STATIC,0,
pPlaneShape4_001,STATIC,0,
pPlaneShape5,STATIC,0,
pPlaneShape5_000,STATIC,0,
pPlaneShape6,STATIC,0,
pPlaneShape6_000,STATIC,0,
pPlaneShape7_000,STATIC,0,
pPlaneShape8_000,STATIC,0,
pPlaneShape9_000,STATIC,0,
pb_flash,STATIC,0,
pickupAShape,STATIC,0,
pidgeon_A,STATIC,0,
pidgeon_B,STATIC,0,
piecesShape1,STATIC,0,
piecesShape2,STATIC,0,
piecesShape3,STATIC,0,
piecesShape4,STATIC,0,
piecesShape5,STATIC,0,
piecesShape6,STATIC,0,
piecesShape7,STATIC,0,
piecesShape8,STATIC,0,
piecesShape9,STATIC,0,
pistonShape1,STATIC,0,
plank_Shape1,STATIC,0,
plantsShape1,STATIC,0,
plowk_vShape,STATIC,0,
podium1Shape,STATIC,0,
podium2Shape,STATIC,0,
podium3Shape,STATIC,0,
podium4Shape,STATIC,0,
podium5Shape,STATIC,0,
podium6Shape,STATIC,0,
podium7Shape,STATIC,0,
polySurfaceShape,STATIC,0,
polySurfaceShape5706,STATIC,0,
polySurfaceShape5707,STATIC,0,
polySurfaceShape5708,STATIC,0,
polySurfaceShape5709,STATIC,0,
polySurfaceShape5710,STATIC,0,
polySurfaceShape5711,STATIC,0,
polySurfaceShape5712,STATIC,0,
polySurfaceShape5713,STATIC,0,
polySurfaceShape5714,STATIC,0,
polySurfaceShape5715,STATIC,0,
polySurfaceShape5716,STATIC,0,
polySurfaceShape5717,STATIC,0,
polySurfaceShape5718,STATIC,0,
polySurfaceShape5719,STATIC,0,
polySurfaceShape5720,STATIC,0,
polySurfaceShape5721,STATIC,0,
polySurfaceShape5722,STATIC,0,
polySurfaceShape5723,STATIC,0,
polySurfaceShape5724,STATIC,0,
polySurfaceShape5725,STATIC,0,
polySurfaceShape5726,STATIC,0,
polySurfaceShape5727,STATIC,0,
polySurfaceShape5728,STATIC,0,
polySurfaceShape5729,STATIC,0,
polySurfaceShape5730,STATIC,0,
polySurfaceShape5731,STATIC,0,
polySurfaceShape5733,STATIC,0,
polySurfaceShape5735_000,STATIC,0,
polySurfaceShape5860,STATIC,0,
polySurfaceShape5863_000,STATIC,0,
polySurfaceShape5863_001,STATIC,0,
polySurfaceShape5863_002,STATIC,0,
polySurfaceShape5863_003,STATIC,0,
polySurfaceShape5863_004,STATIC,0,
polySurfaceShape5863_005,STATIC,0,
polySurfaceShape5863_006,STATIC,0,
polySurfaceShape5863_007,STATIC,0,
polySurfaceShape5863_008,STATIC,0,
polySurfaceShape5863_009,STATIC,0,
polySurfaceShape5863_010,STATIC,0,
poster1Shape_000,STATIC,0,
poster1Shape_001,STATIC,0,
poster2Shape_000,STATIC,0,
poster2Shape_001,STATIC,0,
poster4Shape_000,STATIC,0,
poster4Shape_001,STATIC,0,
poster5Shape_000,STATIC,0,
poster5Shape_001,STATIC,0,
poster6Shape_000,STATIC,0,
poster6Shape_001,STATIC,0,
poster9Shape_000,STATIC,0,
poster9Shape_001,STATIC,0,
powerpole13Shape_000,STATIC,0,
powerpole14Shape,STATIC,0,
powerpole14Shape_000,STATIC,0,
powerpole15Shape,STATIC,0,
powerpole15Shape_000,STATIC,0,
powerpole16Shape,STATIC,0,
powerpole16Shape_000,STATIC,0,
powerpole17Shape,STATIC,0,
powerpole17Shape_000,STATIC,0,
powerpole18Shape,STATIC,0,
powerpole18Shape_000,STATIC,0,
puddlesShape,STATIC,0,
r1_bgrndbuildings10Shape,STATIC,0,
r1_bgrndbuildings11Shape,STATIC,0,
r1_bgrndbuildings13Shape,STATIC,0,
r1_bgrndbuildings14Shape,STATIC,0,
r1_bgrndbuildings15Shape,STATIC,0,
r1_bgrndbuildings16Shape,STATIC,0,
r1_bgrndbuildings18Shape,STATIC,0,
r1_bgrndbuildings19Shape,STATIC,0,
r1_bgrndbuildings20Shape,STATIC,0,
r1_bgrndbuildings23Shape,STATIC,0,
r1_bgrndbuildings24Shape,STATIC,0,
r1_bgrndbuildings25Shape,STATIC,0,
r1_bgrndbuildings26Shape,STATIC,0,
r1_common,STATIC,0,
r1_decalwindowShape1,STATIC,0,
r1_decalwindowShape2,STATIC,0,
r1_decalwindowShape3,STATIC,0,
r1_decalwindowShape4,STATIC,0,
r1_decalwindowShape5,STATIC,0,
r1_decalwindowShape6,STATIC,0,
r1_decalwindowShape7,STATIC,0,
r1_decalwindowShape8,STATIC,0,
r1_gens,STATIC,0,
r1_gensb,STATIC,0,
r1_landmarks100Shape,STATIC,0,
r1_landmarks101Shape,STATIC,0,
r1_landmarks102Shape,STATIC,0,
r1_landmarks103Shape,STATIC,0,
r1_landmarks105Shape,STATIC,0,
r1_landmarks106Shape,STATIC,0,
r1_landmarks107Shape,STATIC,0,
r1_landmarks108Shape,STATIC,0,
r1_landmarks109Shape,STATIC,0,
r1_landmarks110Shape,STATIC,0,
r1_landmarks111Shape,STATIC,0,
r1_landmarks112Shape,STATIC,0,
r1_landmarks113Shape,STATIC,0,
r1_landmarks115Shape,STATIC,0,
r1_landmarks119Shape,STATIC,0,
r1_landmarks120Shape,STATIC,0,
r1_landmarks121Shape,STATIC,0,
r1_landmarks122Shape,STATIC,0,
r1_landmarks123Shape,STATIC,0,
r1_landmarks124Shape,STATIC,0,
r1_landmarks125Shape,STATIC,0,
r1_landmarks129Shape,STATIC,0,
r1_landmarks130Shape,STATIC,0,
r1_landmarks131Shape,STATIC,0,
r1_landmarks132Shape,STATIC,0,
r1_landmarks133Shape,STATIC,0,
r1_landmarks135Shape,STATIC,0,
r1_landmarksShape136,STATIC,0,
r1_rockShape,STATIC,0,
r2_casino,STATIC,0,
r2_common,STATIC,0,
r2_gens,STATIC,0,
r2_gensd,STATIC,0,
r2_guardrail,STATIC,0,
r2_landmarksShape100,STATIC,0,
r2_landmarksShape101,STATIC,0,
r2_landmarksShape102,STATIC,0,
r2_landmarksShape103,STATIC,0,
r2_landmarksShape104,STATIC,0,
r2_landmarksShape105,STATIC,0,
r2_landmarksShape129,STATIC,0,
r2_landmarksShape132,STATIC,0,
r2_landmarksShape133,STATIC,0,
r2_landmarksShape134,STATIC,0,
r2_landmarksShape135,STATIC,0,
r2_landmarksShape138,STATIC,0,
r2_landmarksShape173,STATIC,0,
r2_landmarksShape174,STATIC,0,
r2_landmarksShape175,STATIC,0,
r2_landmarksShape176,STATIC,0,
r2_landmarksShape177,STATIC,0,
r2_landmarksShape178,STATIC,0,
r2_landmarksShape179,STATIC,0,
r2_landmarksShape180,STATIC,0,
r2_landmarksShape181,STATIC,0,
r2_landmarksShape182,STATIC,0,
r2_landmarksShape183,STATIC,0,
r2_landmarksShape184,STATIC,0,
r2_landmarksShape185,STATIC,0,
r2_landmarksShape186,STATIC,0,
r2_landmarksShape187,STATIC,0,
r2_landmarksShape188,STATIC,0,
r2_landmarksShape196,STATIC,0,
r2_landmarksShape197,STATIC,0,
r2_landmarksShape198,STATIC,0,
r2_landmarksShape199,STATIC,0,
r2_landmarksShape200,STATIC,0,
r2_landmarksShape201,STATIC,0,
r2_landmarksShape202,STATIC,0,
r2_landmarksShape203,STATIC,0,
r2_landmarksShape204,STATIC,0,
r2_landmarksShape205,STATIC,0,
r2_landmarksShape206,STATIC,0,
r2_landmarksShape207,STATIC,0,
r2_landmarksShape208,STATIC,0,
r2_landmarksShape209,STATIC,0,
r2_landmarksShape210,STATIC,0,
r2_landmarksShape211,STATIC,0,
r2_landmarksShape212,STATIC,0,
r2_landmarksShape214,STATIC,0,
r2_landmarksShape215,STATIC,0,
r2_landmarksShape216,STATIC,0,
r2_landmarksShape217,STATIC,0,
r2_landmarksShape218,STATIC,0,
r2_landmarksShape219,STATIC,0,
r2_landmarksShape220,STATIC,0,
r2_landmarksShape221,STATIC,0,
r2_landmarksShape224,STATIC,0,
r2_landmarksShape225,STATIC,0,
r2_landmarksShape226,STATIC,0,
r2_landmarksShape227,STATIC,0,
r2_landmarksShape228,STATIC,0,
r2_landmarksShape229,STATIC,0,
r2_landmarksShape230,STATIC,0,
r2_landmarksShape231,STATIC,0,
r2_landmarksShape232,STATIC,0,
r2_landmarksShape233,STATIC,0,
r2_landmarksShape234,STATIC,0,
r2_landmarksShape235,STATIC,0,
r2_landmarksShape236,STATIC,0,
r2_landmarksShape237,STATIC,0,
r2_landmarksShape238,STATIC,0,
r2_landmarksShape239,STATIC,0,
r2_landmarksShape240,STATIC,0,
r2_landmarksShape241,STATIC,0,
r2_landmarksShape242,STATIC,0,
r2_landmarksShape243,STATIC,0,
r2_landmarksShape244,STATIC,0,
r2_landmarksShape245,STATIC,0,
r2_landmarksShape246,STATIC,0,
r2_landmarksShape247,STATIC,0,
r2_landmarksShape248,STATIC,0,
r2_landmarksShape249,STATIC,0,
r2_landmarksShape250,STATIC,0,
r2_landmarksShape251,STATIC,0,
r2_landmarksShape252,STATIC,0,
r2_landmarksShape262,STATIC,0,
r2_landmarksShape263,STATIC,0,
r2_landmarksShape264,STATIC,0,
r2_landmarksShape265,STATIC,0,
r2_landmarksShape266,STATIC,0,
r2_landmarksShape267,STATIC,0,
r2_landmarksShape268,STATIC,0,
r2_landmarksShape269,STATIC,0,
r2_landmarksShape270,STATIC,0,
r2_landmarksShape271,STATIC,0,
r2_landmarksShape272,STATIC,0,
r2_landmarksShape273,STATIC,0,
r2_landmarksShape274,STATIC,0,
r2_landmarksShape275,STATIC,0,
r2_landmarksShape276,STATIC,0,
r2_landmarksShape277,STATIC,0,
r2_landmarksShape285,STATIC,0,
r2_landmarksShape287,STATIC,0,
r2_landmarksShape288,STATIC,0,
r2_posts,STATIC,0,
r2_track,STATIC,0,
r3_L05signsShape,STATIC,0,
r3_bridge,STATIC,0,
r3_common,STATIC,0,
r3_gens,STATIC,0,
r3_gens1381Shape,STATIC,0,
r3_gens1382Shape,STATIC,0,
r3_gens1383Shape,STATIC,0,
r3_gens1384Shape,STATIC,0,
r3_gensShape1386,STATIC,0,
r3_rofftop,STATIC,0,
r3_signs,STATIC,0,
r3_track,STATIC,0,
r3_tunnel10Shape,STATIC,0,
r3_tunnel11Shape,STATIC,0,
r3_tunnel12Shape,STATIC,0,
r3_tunnel13Shape,STATIC,0,
r3_tunnel14Shape,STATIC,0,
r3_tunnel15Shape,STATIC,0,
r3_tunnel16Shape,STATIC,0,
r3_tunnel17Shape,STATIC,0,
r3_tunnel18Shape,STATIC,0,
r3_tunnel19Shape,STATIC,0,
r3_tunnel20Shape,STATIC,0,
r3_tunnel21Shape,STATIC,0,
r3_tunnel22Shape,STATIC,0,
r3_tunnel23Shape,STATIC,0,
r3_tunnel24Shape,STATIC,0,
r3_tunnel25Shape,STATIC,0,
r3_tunnel26Shape,STATIC,0,
r3_tunnel27Shape,STATIC,0,
r3_tunnel28Shape,STATIC,0,
r3_tunnel29Shape,STATIC,0,
r3_tunnel30Shape,STATIC,0,
r3_tunnel31Shape,STATIC,0,
r3_tunnel32Shape,STATIC,0,
r3_tunnel33Shape,STATIC,0,
r3_tunnel34Shape,STATIC,0,
r3_tunnel35Shape,STATIC,0,
r3_tunnel36Shape,STATIC,0,
r3_tunnel37Shape,STATIC,0,
r4_duff,STATIC,0,
r4a_gens100Shape,STATIC,0,
r4a_gens101Shape,STATIC,0,
r4a_gens102Shape,STATIC,0,
r4a_gens103Shape,STATIC,0,
r4a_gens104Shape,STATIC,0,
r4a_gens105Shape,STATIC,0,
r4a_gens106Shape,STATIC,0,
r4a_gens107Shape,STATIC,0,
r4a_gens108Shape,STATIC,0,
r4a_gens109Shape,STATIC,0,
r4a_gens110Shape,STATIC,0,
r4a_gens111Shape,STATIC,0,
r4a_gens112Shape,STATIC,0,
r4a_gens113Shape,STATIC,0,
r4a_gens114Shape,STATIC,0,
r4a_gens115Shape,STATIC,0,
r4a_gens116Shape,STATIC,0,
r4a_gens117Shape,STATIC,0,
r4a_gens118Shape,STATIC,0,
r4a_gens120Shape,STATIC,0,
r4a_gens121Shape,STATIC,0,
r4a_gens122Shape,STATIC,0,
r4a_gens124Shape,STATIC,0,
r4a_gens125Shape,STATIC,0,
r4a_gens126Shape,STATIC,0,
r4a_gens127Shape,STATIC,0,
r4a_gens129Shape,STATIC,0,
r4a_gens130Shape,STATIC,0,
r4a_gens131Shape,STATIC,0,
r4a_gens132Shape,STATIC,0,
r4a_gens133Shape,STATIC,0,
r4a_gens135Shape,STATIC,0,
r4a_gens136Shape,STATIC,0,
r4a_gens138Shape,STATIC,0,
r4a_gens140Shape,STATIC,0,
r4a_gens141Shape,STATIC,0,
r4a_gens142Shape,STATIC,0,
r4a_gens143Shape,STATIC,0,
r4a_gens145Shape,STATIC,0,
r4a_gens147Shape,STATIC,0,
r4a_gens149Shape,STATIC,0,
r4a_gens151Shape,STATIC,0,
r4a_gens152Shape,STATIC,0,
r4a_gens153Shape,STATIC,0,
r4a_gens154Shape,STATIC,0,
r4a_gens157Shape,STATIC,0,
r4a_gens158Shape,STATIC,0,
r4a_gens159Shape,STATIC,0,
r4a_gens160Shape,STATIC,0,
r4a_gens161Shape,STATIC,0,
r4a_gens183Shape,STATIC,0,
r4a_landmarks,STATIC,0,
r4a_track10Shape,STATIC,0,
r4a_track11Shape,STATIC,0,
r4a_track12Shape,STATIC,0,
r4a_track13Shape,STATIC,0,
r4a_track14Shape,STATIC,0,
r4a_track15Shape,STATIC,0,
r4a_track16Shape,STATIC,0,
r4a_track17Shape,STATIC,0,
r4a_track19Shape,STATIC,0,
r4a_track20Shape,STATIC,0,
r4a_track21Shape,STATIC,0,
r4a_track22Shape,STATIC,0,
r4a_track23Shape,STATIC,0,
r4a_track24Shape,STATIC,0,
r4a_track25Shape,STATIC,0,
r4a_track26Shape,STATIC,0,
r4a_track27Shape,STATIC,0,
r4a_track28Shape,STATIC,0,
r4a_track29Shape,STATIC,0,
r4a_track30Shape,STATIC,0,
r4a_track31Shape,STATIC,0,
r4a_track32Shape,STATIC,0,
r4a_track33Shape,STATIC,0,
r4b_hall,STATIC,0,
r4b_track10Shape,STATIC,0,
r4b_track16Shape,STATIC,0,
r4b_track19Shape,STATIC,0,
r4b_track20Shape,STATIC,0,
r5_bridge,STATIC,0,
r5_dam,STATIC,0,
r5_forest,STATIC,0,
r5_landmarks,STATIC,0,
r7_bridge,STATIC,0,
r7_krusty,STATIC,0,
r_choco,STATIC,0,
raShape1,STATIC,0,
raShape2,STATIC,0,
raShape3,STATIC,0,
raShape4,STATIC,0,
raShape5,STATIC,0,
raShape7,STATIC,0,
raShape8,STATIC,0,
raShape9,STATIC,0,
red_hatShape,STATIC,0,
redbrick,STATIC,0,
redlight3_geoShape10,STATIC,0,
redlight3_geoShape11,STATIC,0,
redlight3_geoShape12,STATIC,0,
redlight3_geoShape13,STATIC,0,
redlight3_geoShape14,STATIC,0,
redlight3_geoShape15,STATIC,0,
redlight3_geoShape17,STATIC,0,
rocke_vShape,STATIC,0,
rocks_Shape1,STATIC,0,
rocks_Shape2,STATIC,0,
rodShape,STATIC,0,
rotateShape1,STATIC,0,
rotateShape2,STATIC,0,
rotateShape3,STATIC,0,
rthighShape1_000,STATIC,0,
s_boy1,STATIC,0,
s_boy2,STATIC,0,
s_dish,STATIC,0,
s_girl1,STATIC,0,
scafoldShape_000,STATIC,0,
scarry_bed,STATIC,0,
schoolbu,PROP_MOVEABLE,0,
science_projectShape,STATIC,0,
scorp_vShape,STATIC,0,
scratchy_float,STATIC,0,
searchlights,STATIC,0,
sh_kittableShape,STATIC,0,
shadowShape1,STATIC,0,
shadowShape2,STATIC,0,
shadowShape3,STATIC,0,
shadowShape4,STATIC,0,
shadowShape5,STATIC,0,
ship,STATIC,0,
simpletrackShape,STATIC,0,
simpletrackShape_000,STATIC,0,
simpletrackShape_001,STATIC,0,
skeleton_break3Shape,STATIC,0,
skeleton_break4Shape,STATIC,0,
skinn_vShape,STATIC,0,
skinner_switch11,STATIC,0,
skyShape,STATIC,0,
skyShape_000,STATIC,0,
skyclouds10Shape,STATIC,0,
skyclouds13Shape,STATIC,0,
slot_wheelShape1,STATIC,0,
slot_wheelShape2,STATIC,0,
slot_wheelShape3,STATIC,0,
smith_vShape,STATIC,0,
smt_glassesShape,STATIC,0,
snake_vBodyShape,STATIC,0,
snake_vShape,STATIC,0,
sound_alarmShape,STATIC,0,
spaceship32Shape,STATIC,1,
spaceship34Shape,STATIC,1,
speakerShape,STATIC,0,
spiderwebsShape1_000,STATIC,0,
spiderwebsShape2_000,STATIC,0,
spiderwebsShape3_000,STATIC,0,
spiderwebsShape4_000,STATIC,0,
spiderwebsShape5_000,STATIC,0,
spiderwebsShape6_000,STATIC,0,
spiderwebsShape7_000,STATIC,0,
spiderwebsShape8_000,STATIC,0,
spiderwebsShape9_000,STATIC,0,
spidghost21Shape,STATIC,0,
spidghost23Shape,STATIC,0,
spidghost24Shape,STATIC,0,
spidghost26Shape,STATIC,0,
spidghost27Shape,STATIC,0,
spidghost28Shape,STATIC,0,
spidghost29Shape,STATIC,0,
spinnerShape,STATIC,0,
sportsAShape,STATIC,0,
sportsBShape,STATIC,0,
spout0Shape1,STATIC,0,
spring2Trans,PROP_MOVEABLE,0,
spring3Trans,PROP_MOVEABLE,0,
springShape3,STATIC,0,
sqMarksShape_000,STATIC,0,
stainSpriteShape,STATIC,1,
stonecutters_bilboard10Shape,STATIC,0,
switchShape1,STATIC,0,
switchShape2,STATIC,0,
t2_bonus116Shape,STATIC,0,
t2_bonus162Shape,STATIC,0,
t2_bonus163Shape,STATIC,0,
t2_bonus164Shape,STATIC,0,
t2_bonus165Shape,STATIC,0,
t2_bonus166Shape,STATIC,0,
telepole_baseShape17,STATIC,0,
telepole_baseShape18,STATIC,0,
telepole_baseShape19,STATIC,0,
telepole_baseShape20,STATIC,0,
telepole_baseShape21,STATIC,0,
test_psShape,STATIC,1,
toilet_signShape,STATIC,0,
tomacco_collect,STATIC,0,
track12Shape,STATIC,0,
track12Shape_000,STATIC,0,
track12Shape_001,STATIC,0,
track12Shape_002,STATIC,0,
track12Shape_003,STATIC,0,
track12Shape_004,STATIC,0,
track12Shape_005,STATIC,0,
track12Shape_006,STATIC,0,
track12Shape_007,STATIC,0,
track12Shape_008,STATIC,0,
track12Shape_009,STATIC,0,
track12Shape_010,STATIC,0,
track12Shape_011,STATIC,0,
track12Shape_012,STATIC,0,
track13Shape_000,STATIC,0,
track13Shape_001,STATIC,0,
track13Shape_002,STATIC,0,
trackShape11_000,STATIC,0,
trailer_signsShape10,STATIC,0,
trailer_signsShape11,STATIC,0,
traincar,STATIC,0,
transShape10,STATIC,0,
treedecals2Shape_000,STATIC,0,
treedecals3Shape_000,STATIC,0,
treedecals4Shape_000,STATIC,0,
treedecals5Shape_000,STATIC,0,
treedecals6Shape_000,STATIC,0,
treedecals7Shape_000,STATIC,0,
treedecals8Shape_000,STATIC,0,
treedecals9Shape_000,STATIC,0,
treeshadoweversmallShape,STATIC,0,
treetrunk_OakSShape1,STATIC,0,
treetrunk_OakSShape2,STATIC,0,
treetrunk_OakSShape3,STATIC,0,
treetrunk_OakSShape4,STATIC,0,
tux_geoShape,STATIC,0,
ufo_bb1Shape,STATIC,1,
valley1Shape,STATIC,0,
valleyShape1,STATIC,0,
varnishShape,STATIC,0,
vcrShape,STATIC,0,
visibility_testShape,STATIC,0,
votetruc,PROP_MOVEABLE,0,
wasp_psShape,STATIC,1,
waspray_bb1Shape,STATIC,1,
webbingShape,STATIC,1,
wiggu_vShape,STATIC,0,
wiggum1Shape,STATIC,0,
wiggum2Shape,STATIC,0,
wiggum3Shape,STATIC,0,
wiggum5Shape,STATIC,0,
wiggum6Shape,STATIC,0,
willi_vShape,STATIC,0,
willowtree_fxShape10,STATIC,0,
willowtree_fxShape11,STATIC,0,
willowtree_fxShape12,STATIC,0,
willowtree_fxShape13,STATIC,0,
willowtree_fxShape17,STATIC,0,
willowtree_fxShape19,STATIC,0,
willowtree_fxShape21,STATIC,0,
willowtree_fxShape23,STATIC,0,
willowtree_fxShape25,STATIC,0,
win_decals1Shape,STATIC,0,
win_decals2Shape,STATIC,0,
win_decals3Shape,STATIC,0,
win_decals4Shape,STATIC,0,
win_decals5Shape,STATIC,0,
win_decals6Shape,STATIC,0,
win_decals7Shape,STATIC,0,
win_decals8Shape,STATIC,0,
win_decals9Shape,STATIC,0,
windec_l410Shape,STATIC,0,
windec_l411Shape,STATIC,0,
windec_l412Shape,STATIC,0,
windec_l413Shape,STATIC,0,
windec_l414Shape,STATIC,0,
windec_l415Shape,STATIC,0,
windec_l416Shape,STATIC,0,
windec_l417Shape,STATIC,0,
windec_l418Shape,STATIC,0,
windec_l419Shape,STATIC,0,
windec_l420Shape,STATIC,0,
windec_l421Shape,STATIC,0,
windec_l422Shape,STATIC,0,
windec_l423Shape,STATIC,0,
windec_l424Shape,STATIC,0,
window_decals02Shape,STATIC,0,
window_decals0Shape1,STATIC,0,
window_decals0Shape3,STATIC,0,
window_decals0Shape4,STATIC,0,
window_decals0Shape5,STATIC,0,
window_decals0Shape6,STATIC,0,
windowglow1Shape_000,STATIC,0,
windowglow2Shape_000,STATIC,0,
windowglow3Shape_000,STATIC,0,
windowglow4Shape_000,STATIC,0,
windowglow5Shape_000,STATIC,0,
windowglow6Shape_000,STATIC,0,
windowglow7Shape_000,STATIC,0,
windowglow8Shape_000,STATIC,0,
windowglow9Shape_000,STATIC,0,
windshieldShape1,STATIC,0,
witchcar,PROP_MOVEABLE,0,
wplanks_geoShape,STATIC,0,
wrench7Shape,STATIC,0,
z1_Android,STATIC,0,
z1_Androidint,STATIC,0,
z1_Androidsign,STATIC,0,
z1_Krustysign,STATIC,0,
z1_NoiselandA,STATIC,0,
z1_NoiselandB,STATIC,0,
z1_NoiselandC,STATIC,0,
z1_common,STATIC,0,
z1_genpipeShape1,STATIC,0,
z1_genpipeShape2,STATIC,0,
z1_genpipeShape3,STATIC,0,
z1_genpipeShape4,STATIC,0,
z1_gens,STATIC,0,
z1_gensc,STATIC,0,
z1_gensz,STATIC,0,
z1_glows,STATIC,0,
z1_landmarks,STATIC,0,
z1_museum,STATIC,0,
z1_treehouse,STATIC,0,
z1_treeshadShape,STATIC,0,
z2_aztec,STATIC,0,
z2_common,STATIC,0,
z2_fence,STATIC,0,
z2_gens,STATIC,0,
z2_jazzholeShape,STATIC,0,
z2_kwikemart108Shape,STATIC,0,
z2_kwikemart109Shape,STATIC,0,
z2_kwikemart111Shape,STATIC,0,
z2_kwikemart112Shape,STATIC,0,
z2_kwikemart113Shape,STATIC,0,
z2_kwikemart115Shape,STATIC,0,
z2_kwikemart116Shape,STATIC,0,
z2_kwikemart118Shape,STATIC,0,
z2_landmarks100Shape,STATIC,0,
z2_landmarks101Shape,STATIC,0,
z2_landmarks112Shape,STATIC,0,
z2_landmarks117Shape,STATIC,0,
z2_landmarks123Shape,STATIC,0,
z2_landmarks135Shape,STATIC,0,
z2_landmarks144Shape,STATIC,0,
z2_landmarks147Shape,STATIC,0,
z2_landmarks153Shape,STATIC,0,
z2_landmarks157Shape,STATIC,0,
z2_landmarks159Shape,STATIC,0,
z2_landmarks161Shape,STATIC,0,
z2_landmarks167Shape,STATIC,0,
z2_landmarks170Shape,STATIC,0,
z2_landmarks172Shape,STATIC,0,
z2_landmarks174Shape,STATIC,0,
z2_landmarks180Shape,STATIC,0,
z2_landmarks188Shape,STATIC,0,
z2_landmarks192Shape,STATIC,0,
z2_landmarks197Shape,STATIC,0,
z2_landmarks199Shape,STATIC,0,
z2_landmarks200Shape,STATIC,0,
z2_landmarks201Shape,STATIC,0,
z2_landmarks202Shape,STATIC,0,
z2_landmarks203Shape,STATIC,0,
z2_landmarks205Shape,STATIC,0,
z2_landmarks206Shape,STATIC,0,
z2_landmarks207Shape,STATIC,0,
z2_landmarks208Shape,STATIC,0,
z2_landmarks209Shape,STATIC,0,
z2_landmarks210Shape,STATIC,0,
z2_landmarks211Shape,STATIC,0,
z2_landmarks212Shape,STATIC,0,
z2_landmarks213Shape,STATIC,0,
z2_landmarks214Shape,STATIC,0,
z2_landmarks215Shape,STATIC,0,
z2_landmarks216Shape,STATIC,0,
z2_landmarks217Shape,STATIC,0,
z2_landmarks218Shape,STATIC,0,
z2_landmarks219Shape,STATIC,0,
z2_landmarks220Shape,STATIC,0,
z2_landmarks221Shape,STATIC,0,
z2_landmarks222Shape,STATIC,0,
z2_landmarks226Shape,STATIC,0,
z2_landmarks227Shape,STATIC,0,
z2_landmarks228Shape,STATIC,0,
z2_landmarks229Shape,STATIC,0,
z2_landmarks247Shape,STATIC,0,
z2_landmarks248Shape,STATIC,0,
z2_landmarks249Shape,STATIC,0,
z2_landmarks250Shape,STATIC,0,
z2_landmarks251Shape,STATIC,0,
z2_landmarks255Shape,STATIC,0,
z2_landmarks256Shape,STATIC,0,
z2_landmarks257Shape,STATIC,0,
z2_landmarks258Shape,STATIC,0,
z2_landmarks260Shape,STATIC,0,
z2_landmarks264Shape,STATIC,0,
z2_landmarks265Shape,STATIC,0,
z2_landmarks272Shape,STATIC,0,
z2_landmarks277Shape,STATIC,0,
z2_landmarks278Shape,STATIC,0,
z2_landmarks282Shape,STATIC,0,
z2_landmarks283Shape,STATIC,0,
z2_landmarks284Shape,STATIC,0,
z2_landmarks285Shape,STATIC,0,
z2_landmarks286Shape,STATIC,0,
z2_landmarks288Shape,STATIC,0,
z2_landmarks290Shape,STATIC,0,
z2_landmarks291Shape,STATIC,0,
z2_landmarks292Shape,STATIC,0,
z2_landmarks293Shape,STATIC,0,
z2_landmarks294Shape,STATIC,0,
z2_landmarks295Shape,STATIC,0,
z2_landmarks296Shape,STATIC,0,
z2_landmarks297Shape,STATIC,0,
z2_landmarks298Shape,STATIC,0,
z2_landmarks299Shape,STATIC,0,
z2_landmarks300Shape,STATIC,0,
z2_landmarks301Shape,STATIC,0,
z2_landmarks302Shape,STATIC,0,
z2_landmarks303Shape,STATIC,0,
z2_landmarks304Shape,STATIC,0,
z2_landmarks305Shape,STATIC,0,
z2_landmarks306Shape,STATIC,0,
z2_landmarks307Shape,STATIC,0,
z2_landmarks308Shape,STATIC,0,
z2_landmarks314Shape,STATIC,0,
z2_landmarks316Shape,STATIC,0,
z2_landmarks318Shape,STATIC,0,
z2_landmarks319Shape,STATIC,0,
z2_landmarks320Shape,STATIC,0,
z2_landmarks321Shape,STATIC,0,
z2_landmarks322Shape,STATIC,0,
z2_landmarks323Shape,STATIC,0,
z2_landmarks324Shape,STATIC,0,
z2_landmarks325Shape,STATIC,0,
z2_landmarks326Shape,STATIC,0,
z2_landmarks327Shape,STATIC,0,
z2_landmarks328Shape,STATIC,0,
z3_billboards,STATIC,0,
z3_common,STATIC,0,
z3_crypto,STATIC,0,
z3_dumpsterShape,STATIC,0,
z3_gens293ShapeM,STATIC,0,
z3_gensShape9999,STATIC,0,
z3_knife,STATIC,0,
z3_landmarks100Shape,STATIC,0,
z3_landmarks101Shape,STATIC,0,
z3_landmarks102Shape,STATIC,0,
z3_landmarks103Shape,STATIC,0,
z3_landmarks104Shape,STATIC,0,
z3_landmarks107Shape,STATIC,0,
z3_landmarks109Shape,STATIC,0,
z3_landmarks111Shape,STATIC,0,
z3_landmarks112Shape,STATIC,0,
z3_landmarks113Shape,STATIC,0,
z3_landmarks114Shape,STATIC,0,
z3_landmarks115Shape,STATIC,0,
z3_landmarks116Shape,STATIC,0,
z3_landmarks117Shape,STATIC,0,
z3_landmarks118Shape,STATIC,0,
z3_landmarks119Shape,STATIC,0,
z3_landmarks120Shape,STATIC,0,
z3_landmarks121Shape,STATIC,0,
z3_landmarks122Shape,STATIC,0,
z3_landmarks123Shape,STATIC,0,
z3_landmarks124Shape,STATIC,0,
z3_landmarks127Shape,STATIC,0,
z3_landmarks128Shape,STATIC,0,
z3_landmarks129Shape,STATIC,0,
z3_landmarks131Shape,STATIC,0,
z3_landmarks132Shape,STATIC,0,
z3_landmarks133Shape,STATIC,0,
z3_landmarks134Shape,STATIC,0,
z3_landmarks139Shape,STATIC,0,
z3_landmarks142Shape,STATIC,0,
z3_landmarks144Shape,STATIC,0,
z3_landmarks147Shape,STATIC,0,
z3_landmarks149Shape,STATIC,0,
z3_landmarks151Shape,STATIC,0,
z3_landmarks152Shape,STATIC,0,
z3_landmarks153Shape,STATIC,0,
z3_lighthouse117,STATIC,0,
z3_lighthouse98Shape,STATIC,0,
z3_lighthouseShape97,STATIC,0,
z3_playground,STATIC,0,
z3_prison,STATIC,0,
z3_rainsticks,STATIC,0,
z3_schoolShape32,STATIC,0,
z3_schoolShape37,STATIC,0,
z3_schoolShape38,STATIC,0,
z3_schoolShape40,STATIC,0,
z3_schoolShape41,STATIC,0,
z3_schoolShape58,STATIC,0,
z3_schoolShape65,STATIC,0,
z3_schoolShape70,STATIC,0,
z3_schoolShape71,STATIC,0,
z3_schoolShape76,STATIC,0,
z3_schoolShape77,STATIC,0,
z3_schoolShape94,STATIC,0,
z3_schoolShape95,STATIC,0,
z3_schoolShape96,STATIC,0,
z3_schoolShape97,STATIC,0,
z3_schoolShape98,STATIC,0,
z3_schoolShape99,STATIC,0,
z3_track,STATIC,0,
z4_L02signsShape,STATIC,0,
z4_L05signsShape,STATIC,0,
z4_L05windows10Shape,STATIC,0,
z4_L05windows11Shape,STATIC,0,
z4_L05windows12Shape,STATIC,0,
z4_L05windows13Shape,STATIC,0,
z4_L05windows14Shape,STATIC,0,
z4_L05windows15Shape,STATIC,0,
z4_L05windows16Shape,STATIC,0,
z4_L05windows17Shape,STATIC,0,
z4_L05windows18Shape,STATIC,0,
z4_L05windows19Shape,STATIC,0,
z4_L05windows20Shape,STATIC,0,
z4_L05windows21Shape,STATIC,0,
z4_L05windows22Shape,STATIC,0,
z4_L05windows23Shape,STATIC,0,
z4_L05windows24Shape,STATIC,0,
z4_L05windows25Shape,STATIC,0,
z4_L05windows26Shape,STATIC,0,
z4_L05windows27Shape,STATIC,0,
z4_L05windows28Shape,STATIC,0,
z4_L05windows29Shape,STATIC,0,
z4_L05windows30Shape,STATIC,0,
z4_L05windows31Shape,STATIC,0,
z4_L05windows32Shape,STATIC,0,
z4_L05windows33Shape,STATIC,0,
z4_L05windows34Shape,STATIC,0,
z4_L05windows35Shape,STATIC,0,
z4_L05windows36Shape,STATIC,0,
z4_L05windows37Shape,STATIC,0,
z4_L05windows38Shape,STATIC,0,
z4_L05windows39Shape,STATIC,0,
z4_L05windows40Shape,STATIC,0,
z4_L05windows41Shape,STATIC,0,
z4_L05windows42Shape,STATIC,0,
z4_L05windows43Shape,STATIC,0,
z4_L05windows44Shape,STATIC,0,
z4_L05windows45Shape,STATIC,0,
z4_L05windows46Shape,STATIC,0,
z4_L05windows47Shape,STATIC,0,
z4_L05windows48Shape,STATIC,0,
z4_L05windows49Shape,STATIC,0,
z4_L05windows50Shape,STATIC,0,
z4_L05windows51Shape,STATIC,0,
z4_L05windows52Shape,STATIC,0,
z4_L05windows53Shape,STATIC,0,
z4_L05windows54Shape,STATIC,0,
z4_L05windows55Shape,STATIC,0,
z4_L05windows56Shape,STATIC,0,
z4_L05windows57Shape,STATIC,0,
z4_L05windows58Shape,STATIC,0,
z4_L05windows59Shape,STATIC,0,
z4_L05windows60Shape,STATIC,0,
z4_L05windows61Shape,STATIC,0,
z4_L05windows62Shape,STATIC,0,
z4_L05windows63Shape,STATIC,0,
z4_L05windows64Shape,STATIC,0,
z4_L05windows65Shape,STATIC,0,
z4_L05windows66Shape,STATIC,0,
z4_L05windows67Shape,STATIC,0,
z4_L05windows68Shape,STATIC,0,
z4_L05windows69Shape,STATIC,0,
z4_L05windows70Shape,STATIC,0,
z4_L05windows71Shape,STATIC,0,
z4_L05windows72Shape,STATIC,0,
z4_L05windows73Shape,STATIC,0,
z4_L05windows74Shape,STATIC,0,
z4_L05windows75Shape,STATIC,0,
z4_L05windows76Shape,STATIC,0,
z4_L05windows77Shape,STATIC,0,
z4_L05windows78Shape,STATIC,0,
z4_L05windows79Shape,STATIC,0,
z4_L05windows80Shape,STATIC,0,
z4_L05windows81Shape,STATIC,0,
z4_L05windows82Shape,STATIC,0,
z4_L05windows83Shape,STATIC,0,
z4_L05windows84Shape,STATIC,0,
z4_L05windows85Shape,STATIC,0,
z4_L05windows86Shape,STATIC,0,
z4_L05windows87Shape,STATIC,0,
z4_L05windows88Shape,STATIC,0,
z4_L05windows89Shape,STATIC,0,
z4_L05windows90Shape,STATIC,0,
z4_L05windows91Shape,STATIC,0,
z4_L05windows92Shape,STATIC,0,
z4_L05windows93Shape,STATIC,0,
z4_L05windows94Shape,STATIC,0,
z4_L05windows95Shape,STATIC,0,
z4_L05windows96Shape,STATIC,0,
z4_L05windows97Shape,STATIC,0,
z4_L05windows98Shape,STATIC,0,
z4_L05windows99Shape,STATIC,0,
z4_billboards,STATIC,0,
z4_gens,STATIC,0,
z4_krusty,STATIC,0,
z4_landmarks100Shape,STATIC,0,
z4_landmarks101Shape,STATIC,0,
z4_landmarks102Shape,STATIC,0,
z4_landmarks104Shape,STATIC,0,
z4_landmarks107Shape,STATIC,0,
z4_landmarks111Shape,STATIC,0,
z4_landmarks113Shape,STATIC,0,
z4_landmarks114Shape,STATIC,0,
z4_landmarks115Shape,STATIC,0,
z4_landmarks116Shape,STATIC,0,
z4_landmarks118Shape,STATIC,0,
z4_landmarks120Shape,STATIC,0,
z4_landmarks122Shape,STATIC,0,
z4_landmarks123Shape,STATIC,0,
z4_landmarks124Shape,STATIC,0,
z4_landmarks125Shape,STATIC,0,
z4_landmarks126Shape,STATIC,0,
z4_landmarks128Shape,STATIC,0,
z4_landmarks129Shape,STATIC,0,
z4_landmarks131Shape,STATIC,0,
z4_landmarks132Shape,STATIC,0,
z4_landmarks133Shape,STATIC,0,
z4_landmarks134Shape,STATIC,0,
z4_landmarks135Shape,STATIC,0,
z4_landmarks136Shape,STATIC,0,
z4_landmarks137Shape,STATIC,0,
z4_landmarks138Shape,STATIC,0,
z4_landmarks140Shape,STATIC,0,
z4_landmarks142Shape,STATIC,0,
z4_landmarks143Shape,STATIC,0,
z4_landmarks144Shape,STATIC,0,
z4_landmarks145Shape,STATIC,0,
z4_landmarks146Shape,STATIC,0,
z4_landmarks147Shape,STATIC,0,
z4_landmarks148Shape,STATIC,0,
z4_landmarks149Shape,STATIC,0,
z4_landmarks151Shape,STATIC,0,
z4_landmarks152Shape,STATIC,0,
z4_landmarks157Shape,STATIC,0,
z4_landmarks160Shape,STATIC,0,
z4_landmarks161Shape,STATIC,0,
z4_landmarks162Shape,STATIC,0,
z4_landmarks163Shape,STATIC,0,
z4_landmarks164Shape,STATIC,0,
z4_landmarks166Shape,STATIC,0,
z4_landmarks168Shape,STATIC,0,
z4_landmarks169Shape,STATIC,0,
z4_landmarks170Shape,STATIC,0,
z4_landmarks171Shape,STATIC,0,
z4_landmarks172Shape,STATIC,0,
z4_landmarks173Shape,STATIC,0,
z4_landmarks174Shape,STATIC,0,
z4_landmarks175Shape,STATIC,0,
z4_landmarks180Shape,STATIC,0,
z4_landmarks182Shape,STATIC,0,
z4_landmarks184Shape,STATIC,0,
z4_landmarks185Shape,STATIC,0,
z4_landmarks186Shape,STATIC,0,
z4_landmarks187Shape,STATIC,0,
z4_landmarks188Shape,STATIC,0,
z4_landmarks189Shape,STATIC,0,
z4_landmarks190Shape,STATIC,0,
z4_landmarks191Shape,STATIC,0,
z4_landmarks192Shape,STATIC,0,
z4_landmarks193Shape,STATIC,0,
z4_landmarks194Shape,STATIC,0,
z4_landmarks195Shape,STATIC,0,
z4_landmarks196Shape,STATIC,0,
z4_landmarks198Shape,STATIC,0,
z4_landmarks199Shape,STATIC,0,
z4_landmarks201Shape,STATIC,0,
z4_landmarks202Shape,STATIC,0,
z4_landmarks204Shape,STATIC,0,
z4_landmarks206Shape,STATIC,0,
z4_landmarks208Shape,STATIC,0,
z4_landmarks210Shape,STATIC,0,
z4_landmarks228Shape,STATIC,0,
z4_landmarks229Shape,STATIC,0,
z4_landmarks231Shape,STATIC,0,
z4_landmarks232Shape,STATIC,0,
z4_landmarks233Shape,STATIC,0,
z4_landmarks234Shape,STATIC,0,
z4_landmarks235Shape,STATIC,0,
z4_landmarks236Shape,STATIC,0,
z4_landmarks237Shape,STATIC,0,
z4_landmarks239Shape,STATIC,0,
z4_landmarks241Shape,STATIC,0,
z4_landmarks243Shape,STATIC,0,
z4_landmarks245Shape,STATIC,0,
z4_landmarks247Shape,STATIC,0,
z4_landmarks248Shape,STATIC,0,
z4_landmarks249Shape,STATIC,0,
z4_landmarks250Shape,STATIC,0,
z4_landmarks252Shape,STATIC,0,
z4_landmarks253Shape,STATIC,0,
z4_landmarks254Shape,STATIC,0,
z4_landmarks255Shape,STATIC,0,
z4_landmarks256Shape,STATIC,0,
z4_landmarks257Shape,STATIC,0,
z4_landmarks258Shape,STATIC,0,
z4_landmarks260Shape,STATIC,0,
z4_landmarks261Shape,STATIC,0,
z4_landmarks262Shape,STATIC,0,
z4_landmarks266Shape,STATIC,0,
z4_landmarks267Shape,STATIC,0,
z4_landmarks268Shape,STATIC,0,
z4_landmarks269Shape,STATIC,0,
z4_landmarks270Shape,STATIC,0,
z4_landmarks271Shape,STATIC,0,
z4_landmarks272Shape,STATIC,0,
z4_landmarks276Shape,STATIC,0,
z4_landmarks280Shape,STATIC,0,
z4_landmarks282Shape,STATIC,0,
z4_landmarks283Shape,STATIC,0,
z4_landmarks284Shape,STATIC,0,
z4_landmarks285Shape,STATIC,0,
z4_landmarks286Shape,STATIC,0,
z4_landmarks287Shape,STATIC,0,
z4_landmarks288Shape,STATIC,0,
z4_landmarks289Shape,STATIC,0,
z4_landmarks290Shape,STATIC,0,
z4_landmarks291Shape,STATIC,0,
z4_landmarks292Shape,STATIC,0,
z4_landmarks293Shape,STATIC,0,
z4_landmarks294Shape,STATIC,0,
z4_landmarks295Shape,STATIC,0,
z4_landmarks297Shape,STATIC,0,
z4_landmarks298Shape,STATIC,0,
z4_landmarks299Shape,STATIC,0,
z4_landmarks300Shape,STATIC,0,
z4_landmarks301Shape,STATIC,0,
z4_landmarks302Shape,STATIC,0,
z4_landmarks303Shape,STATIC,0,
z4_landmarks304Shape,STATIC,0,
z4_landmarks305Shape,STATIC,0,
z4_landmarks306Shape,STATIC,0,
z4_landmarks307Shape,STATIC,0,
z4_landmarks308Shape,STATIC,0,
z4_landmarks309Shape,STATIC,0,
z4_landmarks310Shape,STATIC,0,
z4_landmarks311Shape,STATIC,0,
z4_landmarks312Shape,STATIC,0,
z4_landmarks313Shape,STATIC,0,
z4_landmarks314Shape,STATIC,0,
z4_landmarks315Shape,STATIC,0,
z4_landmarks317Shape,STATIC,0,
z4_landmarks318Shape,STATIC,0,
z4_landmarks319Shape,STATIC,0,
z4_landmarks320Shape,STATIC,0,
z4_landmarks321Shape,STATIC,0,
z4_landmarks322Shape,STATIC,0,
z4_landmarks323Shape,STATIC,0,
z4_landmarks324Shape,STATIC,0,
z4_landmarks325Shape,STATIC,0,
z4_landmarks326Shape,STATIC,0,
z4_landmarks327Shape,STATIC,0,
z4_landmarks331Shape,STATIC,0,
z4_landmarks332Shape,STATIC,0,
z4_landmarks333Shape,STATIC,0,
z4_landmarks334Shape,STATIC,0,
z4_landmarks335Shape,STATIC,0,
z4_landmarks338Shape,STATIC,0,
z4_landmarks340Shape,STATIC,0,
z4_landmarks341Shape,STATIC,0,
z4_landmarks344Shape,STATIC,0,
z4_landmarks348Shape,STATIC,0,
z4_landmarks349Shape,STATIC,0,
z4_landmarks352Shape,STATIC,0,
z4_landmarks353Shape,STATIC,0,
z4_landmarks354Shape,STATIC,0,
z4_landmarks355Shape,STATIC,0,
z4_landmarks356Shape,STATIC,0,
z4_landmarks357Shape,STATIC,0,
z4_landmarks358Shape,STATIC,0,
z4_landmarks359Shape,STATIC,0,
z4_landmarks360Shape,STATIC,0,
z4_landmarks361Shape,STATIC,0,
z4_landmarks362Shape,STATIC,0,
z4_landmarks364Shape,STATIC,0,
z4_landmarks365Shape,STATIC,0,
z4_landmarks366Shape,STATIC,0,
z4_landmarks367Shape,STATIC,0,
z4_landmarks368Shape,STATIC,0,
z4_landmarks369Shape,STATIC,0,
z4_landmarks372Shape,STATIC,0,
z4_landmarks382Shape,STATIC,0,
z4_landmarks386Shape,STATIC,0,
z4_landmarks387Shape,STATIC,0,
z4_landmarks388Shape,STATIC,0,
z4_landmarks389Shape,STATIC,0,
z4_landmarks390Shape,STATIC,0,
z4_landmarks394Shape,STATIC,0,
z4_landmarks395Shape,STATIC,0,
z4_landmarksShape309,STATIC,0,
z4_landmarksShape329,STATIC,0,
z4_landmarksShape332,STATIC,0,
z4_landmarksShape392,STATIC,0,
z4_landmarksShape393,STATIC,0,
z4_mono,STATIC,0,
z4_stacey,STATIC,0,
z4_stone,STATIC,0,
z4_track,STATIC,0,
z4_unq,STATIC,0,
z5_gens,STATIC,0,
z5_guardrail,STATIC,0,
z5_observatory,STATIC,0,
z5_track,STATIC,0,
z5_yeolde,STATIC,0,
z6_landmarks249Shape,STATIC,0,
z6_landmarks250Shape,STATIC,0,
z6_landmarks252Shape,STATIC,0,
z6_landmarks415Shape,STATIC,0,
z6_landmarks416Shape,STATIC,0,
z6_landmarks417Shape,STATIC,0,
z6_landmarks418Shape,STATIC,0,
z6_landmarks419Shape,STATIC,0,
z6_landmarks421Shape,STATIC,0,
z6_landmarks422Shape,STATIC,0,
z6_landmarks424Shape,STATIC,0,
z6_landmarks425Shape,STATIC,0,
z6_landmarks426Shape,STATIC,0,
z6_landmarks427Shape,STATIC,0,
z6_landmarks428Shape,STATIC,0,
z6_landmarks429Shape,STATIC,0,
z6_landmarks430Shape,STATIC,0,
z6_landmarks431Shape,STATIC,0,
z6_landmarks432Shape,STATIC,0,
z6_landmarksShape260,STATIC,0,
z6_landmarksShape334,STATIC,0,
z6_landmarksShape335,STATIC,0,
z7_cletus,STATIC,0,
z7_gens,STATIC,0,
z7_nelson,STATIC,0,
zombi_vShape,STATIC,0,
zombieDriveShape,STATIC,0,
